time,seconds_elapsed,steps
1711523585913635300,-8.97136474609375,0
1711523595916725200,1.031725341796875,12
1711523619131689500,24.246689453125,22
